episode,reward,success,turn
1,1.06,1,7
2,1.05,1,6
3,1.06,1,7
4,1.06,1,7
5,1.04,1,5
6,0.86,1,8
7,-2.16,0,11
8,1.05,1,6
9,0.84,1,6
10,0.8400000000000001,1,6
11,-1.95,0,11
12,0.45999999999999996,1,10
13,0.8600000000000001,1,8
14,0.45999999999999996,1,10
15,1.06,1,7
16,-1.74,0,11
17,0.25,1,10
18,-1.74,0,11
19,-1.74,0,11
20,0.8200000000000001,1,4
21,0.66,1,9
22,1.06,1,7
23,1.04,1,5
24,1.06,1,7
25,1.06,1,7
26,0.8500000000000001,1,7
27,0.64,1,7
28,0.8400000000000001,1,6
29,0.43999999999999995,1,8
30,1.04,1,5
31,-1.74,0,11
32,1.03,1,4
33,0.45999999999999996,1,10
34,0.8600000000000001,1,8
35,0.65,1,8
36,1.05,1,6
37,0.44999999999999996,1,9
38,0.45999999999999996,1,10
39,0.8400000000000001,1,6
40,0.44999999999999996,1,9
41,0.8600000000000001,1,8
42,1.04,1,5
43,-1.74,0,11
44,1.06,1,7
45,-1.74,0,11
46,0.66,1,9
47,0.8500000000000001,1,7
48,0.8600000000000001,1,8
49,0.86,1,8
50,0.65,1,8
51,0.86,1,8
52,0.66,1,9
53,1.05,1,6
54,0.85,1,7
55,0.040000000000000036,1,10
56,0.86,1,8
57,0.8300000000000001,1,5
58,0.85,1,7
59,0.66,1,9
60,-1.74,0,11
61,0.45999999999999996,1,10
62,0.65,1,8
63,0.63,1,6
64,0.81,1,3
65,0.45999999999999996,1,10
66,-1.74,0,11
67,0.44999999999999996,1,9
68,1.06,1,7
69,-1.95,0,11
70,0.8200000000000001,1,4
71,0.8500000000000001,1,7
72,0.8500000000000001,1,7
73,-1.95,0,11
74,0.66,1,9
75,0.8500000000000001,1,7
76,0.65,1,8
77,0.84,1,6
78,-1.95,0,11
79,0.86,1,8
80,0.63,1,6
81,0.44999999999999996,1,9
82,1.06,1,7
83,-1.74,0,11
84,-1.74,0,11
85,0.8600000000000001,1,8
86,0.8400000000000001,1,6
87,0.8600000000000001,1,8
88,0.64,1,7
89,0.8400000000000001,1,6
90,0.64,1,7
91,0.44999999999999996,1,9
92,0.65,1,8
93,0.45999999999999996,1,10
94,0.8300000000000001,1,5
95,-2.16,0,11
96,0.64,1,7
97,-1.95,0,11
98,1.05,1,6
99,0.64,1,7
100,-2.16,0,11
101,0.43999999999999995,1,8
102,-1.95,0,11
103,0.85,1,7
104,0.24,1,9
105,0.85,1,7
106,0.030000000000000027,1,9
107,1.04,1,5
108,0.84,1,6
109,0.66,1,9
110,-1.95,0,11
111,1.02,1,3
112,0.66,1,9
113,0.83,1,5
114,-1.74,0,11
115,0.25,1,10
116,0.44999999999999996,1,9
117,0.64,1,7
118,0.44999999999999996,1,9
119,-1.74,0,11
120,1.04,1,5
121,0.84,1,6
122,1.04,1,5
123,-2.16,0,11
124,0.43999999999999995,1,8
125,1.06,1,7
126,0.25,1,10
127,-1.74,0,11
128,0.84,1,6
129,0.8300000000000001,1,5
130,-1.74,0,11
131,1.03,1,4
132,-1.95,0,11
133,0.44999999999999996,1,9
134,0.83,1,5
135,0.84,1,6
136,-1.95,0,11
137,0.65,1,8
138,1.05,1,6
139,1.02,1,3
140,0.65,1,8
141,1.02,1,3
142,1.03,1,4
143,0.44999999999999996,1,9
144,-1.74,0,11
145,1.06,1,7
146,1.04,1,5
147,-1.74,0,11
148,-1.95,0,11
149,0.86,1,8
150,-1.95,0,11
151,0.8600000000000001,1,8
152,0.84,1,6
153,1.05,1,6
154,0.8300000000000001,1,5
155,0.8400000000000001,1,6
156,1.04,1,5
157,1.04,1,5
158,0.45999999999999996,1,10
159,1.04,1,5
160,-1.74,0,11
161,0.84,1,6
162,1.03,1,4
163,1.05,1,6
164,1.05,1,6
165,-1.74,0,11
166,1.03,1,4
167,0.86,1,8
168,1.06,1,7
169,0.66,1,9
170,1.06,1,7
171,1.06,1,7
172,0.6599999999999999,1,9
173,1.05,1,6
174,0.66,1,9
175,0.6599999999999999,1,9
176,0.65,1,8
177,1.04,1,5
178,-1.74,0,11
179,1.06,1,7
180,1.05,1,6
181,-1.74,0,11
182,1.06,1,7
183,1.05,1,6
184,0.84,1,6
185,0.8600000000000001,1,8
186,-1.74,0,11
187,0.65,1,8
188,1.05,1,6
189,0.8600000000000001,1,8
190,1.06,1,7
191,0.8400000000000001,1,6
192,0.85,1,7
193,1.06,1,7
194,0.86,1,8
195,1.06,1,7
196,1.05,1,6
197,1.06,1,7
198,1.06,1,7
199,0.86,1,8
200,1.05,1,6
201,1.06,1,7
202,1.06,1,7
203,1.06,1,7
204,1.05,1,6
205,-1.74,0,11
206,1.03,1,4
207,0.65,1,8
208,-1.95,0,11
209,1.05,1,6
210,1.04,1,5
211,-1.74,0,11
212,1.06,1,7
213,1.06,1,7
214,1.05,1,6
215,0.85,1,7
216,0.85,1,7
217,1.06,1,7
218,0.66,1,9
219,0.84,1,6
220,0.8300000000000001,1,5
221,0.86,1,8
222,1.05,1,6
223,0.84,1,6
224,1.04,1,5
225,1.06,1,7
226,1.04,1,5
227,0.85,1,7
228,0.85,1,7
229,0.85,1,7
230,1.04,1,5
231,1.05,1,6
232,1.02,1,3
233,1.05,1,6
234,0.86,1,8
235,0.85,1,7
236,0.84,1,6
237,1.06,1,7
238,1.04,1,5
239,0.65,1,8
240,1.05,1,6
241,-1.74,0,11
242,0.44999999999999996,1,9
243,1.05,1,6
244,0.44999999999999996,1,9
245,1.03,1,4
246,0.44999999999999996,1,9
247,0.65,1,8
248,0.65,1,8
249,1.06,1,7
250,1.06,1,7
251,1.05,1,6
252,0.65,1,8
253,1.05,1,6
254,1.05,1,6
255,1.06,1,7
256,1.05,1,6
257,1.06,1,7
258,0.65,1,8
259,0.85,1,7
260,0.86,1,8
261,0.42999999999999994,1,7
262,-2.16,0,11
263,1.04,1,5
264,-1.74,0,11
265,0.84,1,6
266,0.44999999999999996,1,9
267,1.04,1,5
268,1.04,1,5
269,1.05,1,6
270,1.05,1,6
271,0.85,1,7
272,0.65,1,8
273,1.04,1,5
274,1.05,1,6
275,0.8400000000000001,1,6
276,1.05,1,6
277,1.06,1,7
278,0.86,1,8
279,0.65,1,8
280,-1.74,0,11
281,0.84,1,6
282,1.05,1,6
283,1.05,1,6
284,1.06,1,7
285,1.06,1,7
286,0.63,1,6
287,0.86,1,8
288,-1.74,0,11
289,1.06,1,7
290,1.05,1,6
291,1.04,1,5
292,1.04,1,5
293,1.05,1,6
294,1.05,1,6
295,0.6499999999999999,1,8
296,1.05,1,6
297,0.8500000000000001,1,7
298,1.06,1,7
299,1.04,1,5
300,-1.95,0,11
301,0.6599999999999999,1,9
302,1.04,1,5
303,0.8500000000000001,1,7
304,0.84,1,6
305,0.64,1,7
306,1.05,1,6
307,0.44999999999999996,1,9
308,-1.74,0,11
309,0.85,1,7
310,1.06,1,7
311,0.84,1,6
312,0.6599999999999999,1,9
313,1.03,1,4
314,1.06,1,7
315,-1.95,0,11
316,1.06,1,7
317,0.86,1,8
318,0.84,1,6
319,1.04,1,5
320,1.03,1,4
321,1.06,1,7
322,1.06,1,7
323,0.85,1,7
324,1.01,1,2
325,1.05,1,6
326,0.85,1,7
327,1.05,1,6
328,1.05,1,6
329,1.04,1,5
330,-1.95,0,11
331,0.22999999999999998,1,8
332,1.06,1,7
333,1.04,1,5
334,0.85,1,7
335,0.86,1,8
336,1.05,1,6
337,0.84,1,6
338,0.45999999999999996,1,10
339,0.85,1,7
340,0.44999999999999996,1,9
341,0.8500000000000001,1,7
342,0.040000000000000036,1,10
343,1.03,1,4
344,0.6599999999999999,1,9
345,1.05,1,6
346,-1.74,0,11
347,0.6599999999999999,1,9
348,-1.74,0,11
349,-1.74,0,11
350,0.6599999999999999,1,9
351,1.04,1,5
352,1.05,1,6
353,0.85,1,7
354,1.05,1,6
355,-1.74,0,11
356,1.04,1,5
357,0.85,1,7
358,1.05,1,6
359,1.06,1,7
360,1.04,1,5
361,0.64,1,7
362,0.66,1,9
363,1.05,1,6
364,1.06,1,7
365,0.6599999999999999,1,9
366,1.04,1,5
367,-1.74,0,11
368,1.03,1,4
369,1.06,1,7
370,1.05,1,6
371,0.86,1,8
372,0.84,1,6
373,0.66,1,9
374,0.65,1,8
375,1.05,1,6
376,-1.95,0,11
377,-1.74,0,11
378,1.06,1,7
379,0.8500000000000001,1,7
380,0.84,1,6
381,1.04,1,5
382,0.65,1,8
383,1.06,1,7
384,0.8400000000000001,1,6
385,1.06,1,7
386,1.05,1,6
387,0.65,1,8
388,1.04,1,5
389,1.06,1,7
390,-1.95,0,11
391,0.85,1,7
392,0.85,1,7
393,0.84,1,6
394,1.04,1,5
395,1.04,1,5
396,0.64,1,7
397,0.45999999999999996,1,10
398,0.45999999999999996,1,10
399,1.06,1,7
400,0.8600000000000001,1,8
401,1.05,1,6
402,1.05,1,6
403,0.86,1,8
404,1.05,1,6
405,1.04,1,5
406,-1.74,0,11
407,0.86,1,8
408,0.84,1,6
409,0.85,1,7
410,0.8500000000000001,1,7
411,0.6599999999999999,1,9
412,0.84,1,6
413,0.86,1,8
414,1.05,1,6
415,1.05,1,6
416,1.04,1,5
417,0.65,1,8
418,0.64,1,7
419,0.45999999999999996,1,10
420,0.84,1,6
421,0.85,1,7
422,1.03,1,4
423,0.040000000000000036,1,10
424,0.6599999999999999,1,9
425,1.05,1,6
426,0.63,1,6
427,0.85,1,7
428,1.04,1,5
429,0.8400000000000001,1,6
430,0.24,1,9
431,0.44999999999999996,1,9
432,0.42999999999999994,1,7
433,0.85,1,7
434,0.84,1,6
435,1.05,1,6
436,0.66,1,9
437,1.04,1,5
438,-1.74,0,11
439,0.66,1,9
440,1.05,1,6
441,1.04,1,5
442,1.06,1,7
443,1.04,1,5
444,1.03,1,4
445,1.04,1,5
446,1.06,1,7
447,1.03,1,4
448,0.45999999999999996,1,10
449,1.05,1,6
450,0.24,1,9
451,1.05,1,6
452,1.03,1,4
453,1.05,1,6
454,1.04,1,5
455,0.64,1,7
456,1.05,1,6
457,0.22999999999999998,1,8
458,1.04,1,5
459,0.8500000000000001,1,7
460,0.8500000000000001,1,7
461,1.06,1,7
462,1.05,1,6
463,0.8600000000000001,1,8
464,1.05,1,6
465,0.43999999999999995,1,8
466,0.43999999999999995,1,8
467,0.86,1,8
468,0.64,1,7
469,1.03,1,4
470,0.8500000000000001,1,7
471,0.85,1,7
472,0.8600000000000001,1,8
473,1.04,1,5
474,1.04,1,5
475,0.65,1,8
476,-1.95,0,11
477,1.05,1,6
478,1.05,1,6
479,0.65,1,8
480,0.45999999999999996,1,10
481,0.85,1,7
482,1.04,1,5
483,1.06,1,7
484,1.04,1,5
485,1.06,1,7
486,1.04,1,5
487,0.65,1,8
488,0.86,1,8
489,0.66,1,9
490,0.6599999999999999,1,9
491,0.85,1,7
492,0.44999999999999996,1,9
493,-1.95,0,11
494,1.05,1,6
495,1.05,1,6
496,-1.74,0,11
497,0.86,1,8
498,1.05,1,6
499,1.05,1,6
500,-1.74,0,11
501,0.85,1,7
502,-1.74,0,11
503,0.8300000000000001,1,5
504,0.64,1,7
505,1.05,1,6
506,1.05,1,6
507,0.85,1,7
508,1.05,1,6
509,1.03,1,4
510,1.05,1,6
511,1.06,1,7
512,1.06,1,7
513,1.05,1,6
514,1.06,1,7
515,0.45999999999999996,1,10
516,1.04,1,5
517,1.04,1,5
518,1.04,1,5
519,1.05,1,6
520,1.05,1,6
521,0.44999999999999996,1,9
522,0.8600000000000001,1,8
523,0.64,1,7
524,1.05,1,6
525,1.05,1,6
526,1.05,1,6
527,0.8600000000000001,1,8
528,0.45999999999999996,1,10
529,0.85,1,7
530,0.6599999999999999,1,9
531,0.65,1,8
532,-1.95,0,11
533,0.84,1,6
534,0.86,1,8
535,1.04,1,5
536,1.05,1,6
537,0.86,1,8
538,-2.16,0,11
539,0.44999999999999996,1,9
540,0.85,1,7
541,1.05,1,6
542,0.85,1,7
543,1.04,1,5
544,1.05,1,6
545,0.64,1,7
546,0.8500000000000001,1,7
547,0.85,1,7
548,1.04,1,5
549,0.86,1,8
550,1.06,1,7
551,0.86,1,8
552,1.04,1,5
553,-1.74,0,11
554,1.06,1,7
555,1.05,1,6
556,1.06,1,7
557,1.05,1,6
558,0.85,1,7
559,-1.95,0,11
560,0.85,1,7
561,1.05,1,6
562,0.86,1,8
563,1.03,1,4
564,0.85,1,7
565,1.04,1,5
566,0.84,1,6
567,0.6599999999999999,1,9
568,1.05,1,6
569,0.44999999999999996,1,9
570,-2.16,0,11
571,1.03,1,4
572,0.64,1,7
573,1.05,1,6
574,1.04,1,5
575,1.05,1,6
576,1.02,1,3
577,1.05,1,6
578,0.83,1,5
579,1.05,1,6
580,1.06,1,7
581,1.04,1,5
582,1.05,1,6
583,0.86,1,8
584,-1.74,0,11
585,0.84,1,6
586,0.64,1,7
587,0.25,1,10
588,1.03,1,4
589,1.05,1,6
590,1.03,1,4
591,1.06,1,7
592,0.64,1,7
593,0.84,1,6
594,1.06,1,7
595,1.04,1,5
596,0.8600000000000001,1,8
597,-2.16,0,11
598,1.05,1,6
599,0.8500000000000001,1,7
600,1.06,1,7
601,1.04,1,5
602,0.6599999999999999,1,9
603,1.05,1,6
604,0.84,1,6
605,1.05,1,6
606,-1.74,0,11
607,1.04,1,5
608,0.6499999999999999,1,8
609,0.84,1,6
610,-1.95,0,11
611,1.05,1,6
612,0.85,1,7
613,1.06,1,7
614,1.05,1,6
615,1.04,1,5
616,0.45999999999999996,1,10
617,1.06,1,7
618,0.84,1,6
619,1.05,1,6
620,0.65,1,8
621,1.06,1,7
622,1.04,1,5
623,0.86,1,8
624,0.8500000000000001,1,7
625,0.86,1,8
626,-2.16,0,11
627,1.05,1,6
628,1.06,1,7
629,0.86,1,8
630,0.84,1,6
631,0.64,1,7
632,0.45999999999999996,1,10
633,1.05,1,6
634,0.65,1,8
635,0.8600000000000001,1,8
636,1.05,1,6
637,1.04,1,5
638,1.06,1,7
639,1.05,1,6
640,1.05,1,6
641,0.86,1,8
642,1.05,1,6
643,1.04,1,5
644,1.06,1,7
645,1.05,1,6
646,0.6599999999999999,1,9
647,0.85,1,7
648,1.05,1,6
649,0.86,1,8
650,0.86,1,8
651,1.05,1,6
652,1.04,1,5
653,1.04,1,5
654,-1.74,0,11
655,1.05,1,6
656,1.03,1,4
657,1.06,1,7
658,0.86,1,8
659,0.25,1,10
660,1.03,1,4
661,-1.74,0,11
662,1.05,1,6
663,1.03,1,4
664,1.04,1,5
665,1.04,1,5
666,1.03,1,4
667,1.05,1,6
668,1.06,1,7
669,1.04,1,5
670,1.05,1,6
671,-1.74,0,11
672,1.06,1,7
673,1.05,1,6
674,1.05,1,6
675,1.06,1,7
676,0.65,1,8
677,1.06,1,7
678,1.06,1,7
679,1.05,1,6
680,1.06,1,7
681,1.06,1,7
682,1.06,1,7
683,1.06,1,7
684,0.45999999999999996,1,10
685,1.05,1,6
686,1.05,1,6
687,-1.74,0,11
688,1.06,1,7
689,1.04,1,5
690,1.06,1,7
691,1.03,1,4
692,1.05,1,6
693,1.04,1,5
694,0.84,1,6
695,0.84,1,6
696,1.03,1,4
697,1.06,1,7
698,0.86,1,8
699,1.06,1,7
700,1.05,1,6
701,-1.74,0,11
702,1.04,1,5
703,1.06,1,7
704,1.06,1,7
705,0.86,1,8
706,0.65,1,8
707,-1.74,0,11
708,1.06,1,7
709,1.06,1,7
710,1.03,1,4
711,0.86,1,8
712,1.04,1,5
713,-1.74,0,11
714,1.06,1,7
715,1.06,1,7
716,1.05,1,6
717,1.06,1,7
718,1.06,1,7
719,1.06,1,7
720,1.05,1,6
721,-1.74,0,11
722,1.05,1,6
723,1.05,1,6
724,1.05,1,6
725,1.05,1,6
726,1.03,1,4
727,0.86,1,8
728,1.06,1,7
729,0.84,1,6
730,1.06,1,7
731,0.84,1,6
732,0.8600000000000001,1,8
733,0.64,1,7
734,1.05,1,6
735,1.05,1,6
736,0.83,1,5
737,1.05,1,6
738,1.06,1,7
739,1.06,1,7
740,1.06,1,7
741,0.66,1,9
742,1.05,1,6
743,1.06,1,7
744,1.05,1,6
745,1.03,1,4
746,1.06,1,7
747,1.06,1,7
748,1.05,1,6
749,1.04,1,5
750,1.05,1,6
751,0.6499999999999999,1,8
752,1.06,1,7
753,0.85,1,7
754,1.06,1,7
755,1.06,1,7
756,1.06,1,7
757,1.05,1,6
758,1.06,1,7
759,1.06,1,7
760,1.06,1,7
761,1.06,1,7
762,0.86,1,8
763,0.86,1,8
764,-1.74,0,11
765,0.86,1,8
766,1.06,1,7
767,0.84,1,6
768,1.04,1,5
769,1.05,1,6
770,1.05,1,6
771,0.65,1,8
772,1.06,1,7
773,-1.74,0,11
774,1.05,1,6
775,1.05,1,6
776,0.6599999999999999,1,9
777,1.04,1,5
778,1.05,1,6
779,1.02,1,3
780,1.06,1,7
781,1.05,1,6
782,1.05,1,6
783,0.85,1,7
784,1.06,1,7
785,0.86,1,8
786,0.85,1,7
787,1.04,1,5
788,1.06,1,7
789,1.05,1,6
790,1.06,1,7
791,0.86,1,8
792,1.06,1,7
793,1.06,1,7
794,1.06,1,7
795,0.65,1,8
796,1.04,1,5
797,0.6499999999999999,1,8
798,1.06,1,7
799,0.6599999999999999,1,9
800,0.86,1,8
801,0.85,1,7
802,1.04,1,5
803,1.05,1,6
804,1.04,1,5
805,1.05,1,6
806,0.44999999999999996,1,9
807,1.05,1,6
808,1.04,1,5
809,0.86,1,8
810,1.03,1,4
811,1.03,1,4
812,1.05,1,6
813,0.8400000000000001,1,6
814,0.45999999999999996,1,10
815,0.6599999999999999,1,9
816,1.06,1,7
817,0.25,1,10
818,1.06,1,7
819,1.04,1,5
820,1.06,1,7
821,0.45999999999999996,1,10
822,1.05,1,6
823,0.25,1,10
824,0.63,1,6
825,0.84,1,6
826,1.05,1,6
827,0.6599999999999999,1,9
828,-2.37,0,11
829,1.05,1,6
830,0.64,1,7
831,1.04,1,5
832,0.6599999999999999,1,9
833,1.05,1,6
834,1.04,1,5
835,1.04,1,5
836,1.06,1,7
837,-1.74,0,11
838,1.05,1,6
839,1.05,1,6
840,0.85,1,7
841,0.84,1,6
842,0.86,1,8
843,1.05,1,6
844,0.85,1,7
845,0.64,1,7
846,1.05,1,6
847,1.03,1,4
848,1.04,1,5
849,1.06,1,7
850,0.25,1,10
851,-2.16,0,11
852,0.45999999999999996,1,10
853,0.25,1,10
854,1.05,1,6
855,0.85,1,7
856,1.06,1,7
857,0.45999999999999996,1,10
858,1.04,1,5
859,0.45999999999999996,1,10
860,1.04,1,5
861,0.86,1,8
862,1.05,1,6
863,1.03,1,4
864,0.6499999999999999,1,8
865,1.04,1,5
866,-2.16,0,11
867,1.04,1,5
868,0.64,1,7
869,0.66,1,9
870,1.05,1,6
871,0.84,1,6
872,1.04,1,5
873,1.05,1,6
874,1.05,1,6
875,1.04,1,5
876,1.05,1,6
877,0.84,1,6
878,-1.74,0,11
879,1.05,1,6
880,-1.95,0,11
881,-1.95,0,11
882,-1.95,0,11
883,1.05,1,6
884,0.84,1,6
885,1.04,1,5
886,1.05,1,6
887,0.84,1,6
888,1.06,1,7
889,0.85,1,7
890,1.05,1,6
891,1.04,1,5
892,0.44999999999999996,1,9
893,1.05,1,6
894,0.86,1,8
895,1.06,1,7
896,0.44999999999999996,1,9
897,1.05,1,6
898,-1.74,0,11
899,1.05,1,6
900,1.04,1,5
901,1.06,1,7
902,1.04,1,5
903,0.84,1,6
904,1.05,1,6
905,1.03,1,4
906,1.06,1,7
907,0.84,1,6
908,1.06,1,7
909,1.04,1,5
910,1.05,1,6
911,1.05,1,6
912,1.03,1,4
913,1.06,1,7
914,-1.74,0,11
915,0.85,1,7
916,0.86,1,8
917,0.86,1,8
918,1.03,1,4
919,1.04,1,5
920,1.06,1,7
921,1.05,1,6
922,0.85,1,7
923,1.05,1,6
924,-2.16,0,11
925,0.85,1,7
926,1.05,1,6
927,1.05,1,6
928,1.04,1,5
929,0.25,1,10
930,1.06,1,7
931,1.06,1,7
932,1.06,1,7
933,1.05,1,6
934,0.66,1,9
935,0.84,1,6
936,0.86,1,8
937,0.86,1,8
938,0.65,1,8
939,0.43999999999999995,1,8
940,1.04,1,5
941,0.64,1,7
942,0.6599999999999999,1,9
943,1.03,1,4
944,0.25,1,10
945,1.05,1,6
946,1.04,1,5
947,1.05,1,6
948,0.64,1,7
949,0.43999999999999995,1,8
950,0.6599999999999999,1,9
951,-1.74,0,11
952,1.06,1,7
953,1.03,1,4
954,1.05,1,6
955,0.85,1,7
956,1.06,1,7
957,0.84,1,6
958,0.45999999999999996,1,10
959,1.04,1,5
960,0.25,1,10
961,1.06,1,7
962,0.43999999999999995,1,8
963,1.05,1,6
964,1.05,1,6
965,-1.74,0,11
966,0.86,1,8
967,1.04,1,5
968,1.06,1,7
969,1.03,1,4
970,1.04,1,5
971,1.06,1,7
972,0.44999999999999996,1,9
973,-1.74,0,11
974,1.04,1,5
975,1.04,1,5
976,1.04,1,5
977,0.65,1,8
978,1.05,1,6
979,0.85,1,7
980,0.24,1,9
981,-1.74,0,11
982,1.04,1,5
983,0.85,1,7
984,1.03,1,4
985,1.05,1,6
986,0.65,1,8
987,0.45999999999999996,1,10
988,1.05,1,6
989,1.04,1,5
990,1.04,1,5
991,1.05,1,6
992,0.84,1,6
993,0.6599999999999999,1,9
994,-1.74,0,11
995,0.83,1,5
996,0.65,1,8
997,1.04,1,5
998,1.05,1,6
999,1.04,1,5
1000,0.8600000000000001,1,8
1001,1.04,1,5
1002,1.06,1,7
1003,0.84,1,6
1004,1.04,1,5
1005,1.06,1,7
1006,0.84,1,6
1007,1.04,1,5
1008,1.06,1,7
1009,1.05,1,6
1010,0.6599999999999999,1,9
1011,1.06,1,7
1012,0.85,1,7
1013,1.06,1,7
1014,1.06,1,7
1015,1.04,1,5
1016,-1.74,0,11
1017,1.05,1,6
1018,1.05,1,6
1019,1.06,1,7
1020,0.25,1,10
1021,1.05,1,6
1022,1.04,1,5
1023,1.04,1,5
1024,1.06,1,7
1025,0.83,1,5
1026,0.84,1,6
1027,0.44999999999999996,1,9
1028,0.86,1,8
1029,1.05,1,6
1030,0.6599999999999999,1,9
1031,0.65,1,8
1032,0.86,1,8
1033,1.05,1,6
1034,1.04,1,5
1035,0.86,1,8
1036,1.05,1,6
1037,0.86,1,8
1038,1.05,1,6
1039,1.05,1,6
1040,0.45999999999999996,1,10
1041,1.06,1,7
1042,0.8500000000000001,1,7
1043,1.06,1,7
1044,1.04,1,5
1045,1.06,1,7
1046,0.6599999999999999,1,9
1047,0.85,1,7
1048,1.06,1,7
1049,-1.74,0,11
1050,1.05,1,6
1051,0.85,1,7
1052,1.03,1,4
1053,1.04,1,5
1054,0.66,1,9
1055,1.04,1,5
1056,1.06,1,7
1057,1.06,1,7
1058,1.03,1,4
1059,1.05,1,6
1060,1.05,1,6
1061,1.06,1,7
1062,1.05,1,6
1063,1.04,1,5
1064,1.04,1,5
1065,1.04,1,5
1066,0.86,1,8
1067,-1.95,0,11
1068,1.05,1,6
1069,0.6599999999999999,1,9
1070,0.6499999999999999,1,8
1071,1.04,1,5
1072,0.86,1,8
1073,1.03,1,4
1074,0.45999999999999996,1,10
1075,0.63,1,6
1076,1.06,1,7
1077,0.85,1,7
1078,1.05,1,6
1079,1.05,1,6
1080,0.83,1,5
1081,0.66,1,9
1082,1.05,1,6
1083,1.03,1,4
1084,0.85,1,7
1085,1.06,1,7
1086,1.05,1,6
1087,0.83,1,5
1088,1.05,1,6
1089,1.06,1,7
1090,-1.74,0,11
1091,1.05,1,6
1092,0.6599999999999999,1,9
1093,1.06,1,7
1094,1.06,1,7
1095,1.05,1,6
1096,-1.74,0,11
1097,1.06,1,7
1098,0.86,1,8
1099,1.05,1,6
1100,1.06,1,7
1101,1.05,1,6
1102,1.05,1,6
1103,0.6599999999999999,1,9
1104,1.05,1,6
1105,1.06,1,7
1106,1.06,1,7
1107,1.05,1,6
1108,1.06,1,7
1109,0.44999999999999996,1,9
1110,1.06,1,7
1111,1.06,1,7
1112,1.05,1,6
1113,-1.95,0,11
1114,1.06,1,7
1115,1.04,1,5
1116,0.8500000000000001,1,7
1117,0.65,1,8
1118,1.04,1,5
1119,1.05,1,6
1120,1.04,1,5
1121,0.25,1,10
1122,-1.74,0,11
1123,0.63,1,6
1124,0.44999999999999996,1,9
1125,1.06,1,7
1126,1.06,1,7
1127,0.6599999999999999,1,9
1128,1.05,1,6
1129,1.05,1,6
1130,1.05,1,6
1131,1.05,1,6
1132,1.06,1,7
1133,1.05,1,6
1134,1.05,1,6
1135,0.86,1,8
1136,0.6599999999999999,1,9
1137,-1.95,0,11
1138,0.85,1,7
1139,0.85,1,7
1140,1.05,1,6
1141,1.05,1,6
1142,1.06,1,7
1143,0.84,1,6
1144,0.6599999999999999,1,9
1145,0.85,1,7
1146,0.85,1,7
1147,1.05,1,6
1148,0.8400000000000001,1,6
1149,1.04,1,5
1150,0.6599999999999999,1,9
1151,0.63,1,6
1152,1.06,1,7
1153,0.6499999999999999,1,8
1154,1.06,1,7
1155,1.05,1,6
1156,1.04,1,5
1157,1.05,1,6
1158,1.05,1,6
1159,1.05,1,6
1160,0.45999999999999996,1,10
1161,1.06,1,7
1162,1.06,1,7
1163,1.05,1,6
1164,1.04,1,5
1165,0.6599999999999999,1,9
1166,1.04,1,5
1167,1.05,1,6
1168,1.06,1,7
1169,-1.74,0,11
1170,1.05,1,6
1171,1.03,1,4
1172,1.05,1,6
1173,1.05,1,6
1174,0.86,1,8
1175,1.04,1,5
1176,1.04,1,5
1177,1.02,1,3
1178,1.05,1,6
1179,1.05,1,6
1180,1.06,1,7
1181,1.04,1,5
1182,1.03,1,4
1183,0.84,1,6
1184,0.83,1,5
1185,1.05,1,6
1186,1.06,1,7
1187,0.83,1,5
1188,1.06,1,7
1189,0.85,1,7
1190,1.05,1,6
1191,1.05,1,6
1192,0.65,1,8
1193,1.04,1,5
1194,0.65,1,8
1195,1.06,1,7
1196,1.05,1,6
1197,1.04,1,5
1198,1.04,1,5
1199,-2.37,0,11
1200,0.65,1,8
1201,0.85,1,7
1202,0.63,1,6
1203,1.06,1,7
1204,1.06,1,7
1205,1.05,1,6
1206,0.25,1,10
1207,1.06,1,7
1208,1.06,1,7
1209,1.06,1,7
1210,1.06,1,7
1211,0.83,1,5
1212,1.06,1,7
1213,-1.74,0,11
1214,1.06,1,7
1215,1.06,1,7
1216,1.06,1,7
1217,1.06,1,7
1218,1.02,1,3
1219,1.06,1,7
1220,1.05,1,6
1221,0.25,1,10
1222,1.04,1,5
1223,1.05,1,6
1224,1.05,1,6
1225,1.06,1,7
1226,0.84,1,6
1227,1.06,1,7
1228,1.06,1,7
1229,0.86,1,8
1230,1.06,1,7
1231,1.06,1,7
1232,1.05,1,6
1233,1.05,1,6
1234,0.85,1,7
1235,1.05,1,6
1236,1.06,1,7
1237,1.06,1,7
1238,1.05,1,6
1239,1.05,1,6
1240,1.06,1,7
1241,1.05,1,6
1242,1.06,1,7
1243,1.05,1,6
1244,1.05,1,6
1245,1.06,1,7
1246,0.85,1,7
1247,1.05,1,6
1248,0.25,1,10
1249,0.65,1,8
1250,1.06,1,7
1251,1.06,1,7
1252,1.06,1,7
1253,1.05,1,6
1254,1.03,1,4
1255,1.06,1,7
1256,1.06,1,7
1257,1.06,1,7
1258,1.06,1,7
1259,1.06,1,7
1260,1.06,1,7
1261,1.06,1,7
1262,0.85,1,7
1263,0.25,1,10
1264,1.05,1,6
1265,1.06,1,7
1266,1.06,1,7
1267,1.05,1,6
1268,1.05,1,6
1269,1.06,1,7
1270,1.05,1,6
1271,-1.95,0,11
1272,-1.74,0,11
1273,0.86,1,8
1274,1.06,1,7
1275,1.06,1,7
1276,0.6499999999999999,1,8
1277,1.04,1,5
1278,1.06,1,7
1279,0.25,1,10
1280,1.06,1,7
1281,1.06,1,7
1282,1.05,1,6
1283,1.06,1,7
1284,1.03,1,4
1285,1.05,1,6
1286,1.06,1,7
1287,1.06,1,7
1288,1.05,1,6
1289,1.05,1,6
1290,1.04,1,5
1291,1.06,1,7
1292,1.05,1,6
1293,-1.74,0,11
1294,1.06,1,7
1295,1.05,1,6
1296,1.04,1,5
1297,1.05,1,6
1298,1.06,1,7
1299,1.06,1,7
1300,0.83,1,5
1301,-1.95,0,11
1302,1.04,1,5
1303,1.06,1,7
1304,0.040000000000000036,1,10
1305,1.06,1,7
1306,0.84,1,6
1307,1.06,1,7
1308,1.06,1,7
1309,1.05,1,6
1310,0.85,1,7
1311,0.6599999999999999,1,9
1312,0.84,1,6
1313,0.6599999999999999,1,9
1314,1.05,1,6
1315,0.85,1,7
1316,1.06,1,7
1317,0.25,1,10
1318,-1.74,0,11
1319,-1.74,0,11
1320,1.04,1,5
1321,1.06,1,7
1322,1.04,1,5
1323,1.04,1,5
1324,1.06,1,7
1325,0.6599999999999999,1,9
1326,1.04,1,5
1327,1.06,1,7
1328,-2.16,0,11
1329,1.04,1,5
1330,1.03,1,4
1331,0.85,1,7
1332,-1.74,0,11
1333,0.64,1,7
1334,1.06,1,7
1335,0.45999999999999996,1,10
1336,1.06,1,7
1337,1.06,1,7
1338,1.05,1,6
1339,1.05,1,6
1340,1.05,1,6
1341,0.85,1,7
1342,0.6599999999999999,1,9
1343,1.05,1,6
1344,0.85,1,7
1345,0.85,1,7
1346,0.6599999999999999,1,9
1347,1.05,1,6
1348,0.44999999999999996,1,9
1349,0.84,1,6
1350,0.8400000000000001,1,6
1351,1.04,1,5
1352,0.45999999999999996,1,10
1353,0.83,1,5
1354,1.04,1,5
1355,1.05,1,6
1356,0.84,1,6
1357,0.85,1,7
1358,-1.95,0,11
1359,0.64,1,7
1360,0.84,1,6
1361,1.05,1,6
1362,0.84,1,6
1363,-1.74,0,11
1364,1.05,1,6
1365,0.6599999999999999,1,9
1366,1.03,1,4
1367,1.05,1,6
1368,1.06,1,7
1369,1.05,1,6
1370,0.86,1,8
1371,1.04,1,5
1372,1.06,1,7
1373,1.05,1,6
1374,1.05,1,6
1375,0.84,1,6
1376,0.45999999999999996,1,10
1377,1.03,1,4
1378,1.06,1,7
1379,1.05,1,6
1380,0.45999999999999996,1,10
1381,0.85,1,7
1382,0.6599999999999999,1,9
1383,1.04,1,5
1384,0.86,1,8
1385,1.05,1,6
1386,-1.74,0,11
1387,1.06,1,7
1388,0.43999999999999995,1,8
1389,0.85,1,7
1390,0.45999999999999996,1,10
1391,1.03,1,4
1392,1.05,1,6
1393,1.03,1,4
1394,1.06,1,7
1395,0.86,1,8
1396,1.05,1,6
1397,1.05,1,6
1398,1.05,1,6
1399,1.06,1,7
1400,0.45999999999999996,1,10
1401,1.05,1,6
1402,-1.74,0,11
1403,-3.0,0,11
1404,0.86,1,8
1405,1.06,1,7
1406,1.04,1,5
1407,1.05,1,6
1408,0.86,1,8
1409,1.05,1,6
1410,1.04,1,5
1411,0.84,1,6
1412,1.06,1,7
1413,0.86,1,8
1414,-1.74,0,11
1415,1.06,1,7
1416,1.05,1,6
1417,1.04,1,5
1418,0.45999999999999996,1,10
1419,0.44999999999999996,1,9
1420,1.06,1,7
1421,1.05,1,6
1422,0.86,1,8
1423,-0.17999999999999994,1,9
1424,1.05,1,6
1425,0.86,1,8
1426,1.06,1,7
1427,0.84,1,6
1428,1.06,1,7
1429,-2.16,0,11
1430,1.06,1,7
1431,1.04,1,5
1432,-2.58,0,11
1433,1.04,1,5
1434,0.44999999999999996,1,9
1435,1.05,1,6
1436,1.06,1,7
1437,-1.74,0,11
1438,0.64,1,7
1439,0.85,1,7
1440,1.06,1,7
1441,1.06,1,7
1442,0.44999999999999996,1,9
1443,-2.16,0,11
1444,0.85,1,7
1445,1.05,1,6
1446,0.86,1,8
1447,1.04,1,5
1448,0.25,1,10
1449,-0.3799999999999999,1,10
1450,1.04,1,5
1451,0.25,1,10
1452,1.05,1,6
1453,1.06,1,7
1454,0.65,1,8
1455,0.44999999999999996,1,9
1456,1.03,1,4
1457,0.83,1,5
1458,1.03,1,4
1459,1.05,1,6
1460,1.05,1,6
1461,0.65,1,8
1462,1.06,1,7
1463,1.04,1,5
1464,1.04,1,5
1465,0.45999999999999996,1,10
1466,1.05,1,6
1467,0.85,1,7
1468,0.86,1,8
1469,0.66,1,9
1470,-2.16,0,11
1471,1.04,1,5
1472,1.04,1,5
1473,0.8500000000000001,1,7
1474,1.06,1,7
1475,-2.58,0,11
1476,1.05,1,6
1477,0.86,1,8
1478,0.86,1,8
1479,1.06,1,7
1480,0.86,1,8
1481,0.66,1,9
1482,1.06,1,7
1483,1.04,1,5
1484,0.86,1,8
1485,1.06,1,7
1486,1.04,1,5
1487,0.84,1,6
1488,0.43999999999999995,1,8
1489,0.44999999999999996,1,9
1490,0.65,1,8
1491,1.05,1,6
1492,0.86,1,8
1493,1.04,1,5
1494,1.03,1,4
1495,1.05,1,6
1496,1.04,1,5
1497,0.83,1,5
1498,0.86,1,8
1499,0.83,1,5
1500,0.86,1,8
1501,0.6499999999999999,1,8
1502,1.03,1,4
1503,1.03,1,4
1504,0.86,1,8
1505,0.6599999999999999,1,9
1506,0.84,1,6
1507,1.05,1,6
1508,0.85,1,7
1509,1.02,1,3
1510,-1.95,0,11
1511,1.04,1,5
1512,0.45999999999999996,1,10
1513,1.06,1,7
1514,-1.74,0,11
1515,1.05,1,6
1516,0.86,1,8
1517,1.03,1,4
1518,0.44999999999999996,1,9
1519,1.05,1,6
1520,1.03,1,4
1521,1.05,1,6
1522,0.86,1,8
1523,1.06,1,7
1524,0.86,1,8
1525,-1.74,0,11
1526,0.66,1,9
1527,1.05,1,6
1528,1.05,1,6
1529,1.04,1,5
1530,0.65,1,8
1531,1.06,1,7
1532,0.84,1,6
1533,-1.74,0,11
1534,1.04,1,5
1535,1.04,1,5
1536,1.05,1,6
1537,1.04,1,5
1538,1.03,1,4
1539,0.8600000000000001,1,8
1540,0.83,1,5
1541,1.06,1,7
1542,0.45999999999999996,1,10
1543,1.05,1,6
1544,1.04,1,5
1545,0.64,1,7
1546,1.05,1,6
1547,1.06,1,7
1548,1.05,1,6
1549,1.04,1,5
1550,1.03,1,4
1551,1.05,1,6
1552,1.05,1,6
1553,0.8400000000000001,1,6
1554,1.03,1,4
1555,1.03,1,4
1556,1.06,1,7
1557,1.05,1,6
1558,1.05,1,6
1559,1.05,1,6
1560,-1.95,0,11
1561,1.05,1,6
1562,1.04,1,5
1563,1.05,1,6
1564,1.05,1,6
1565,0.84,1,6
1566,1.04,1,5
1567,1.05,1,6
1568,1.05,1,6
1569,0.85,1,7
1570,0.25,1,10
1571,-1.74,0,11
1572,1.04,1,5
1573,0.84,1,6
1574,0.86,1,8
1575,1.05,1,6
1576,1.06,1,7
1577,0.6499999999999999,1,8
1578,0.86,1,8
1579,1.06,1,7
1580,0.24,1,9
1581,1.04,1,5
1582,0.65,1,8
1583,-1.95,0,11
1584,1.03,1,4
1585,0.86,1,8
1586,1.05,1,6
1587,0.85,1,7
1588,1.06,1,7
1589,0.25,1,10
1590,1.04,1,5
1591,1.05,1,6
1592,1.04,1,5
1593,1.03,1,4
1594,0.86,1,8
1595,1.05,1,6
1596,1.04,1,5
1597,0.85,1,7
1598,0.24,1,9
1599,0.65,1,8
1600,1.04,1,5
1601,0.83,1,5
1602,1.05,1,6
1603,1.04,1,5
1604,0.86,1,8
1605,1.05,1,6
1606,0.43999999999999995,1,8
1607,1.05,1,6
1608,1.02,1,3
1609,-1.74,0,11
1610,-1.95,0,11
1611,0.66,1,9
1612,1.06,1,7
1613,1.03,1,4
1614,0.86,1,8
1615,1.04,1,5
1616,1.04,1,5
1617,0.83,1,5
1618,0.44999999999999996,1,9
1619,1.06,1,7
1620,1.06,1,7
1621,0.86,1,8
1622,1.06,1,7
1623,1.06,1,7
1624,1.06,1,7
1625,1.03,1,4
1626,0.86,1,8
1627,1.06,1,7
1628,1.05,1,6
1629,1.06,1,7
1630,1.05,1,6
1631,1.06,1,7
1632,1.06,1,7
1633,1.06,1,7
1634,1.06,1,7
1635,1.06,1,7
1636,1.06,1,7
1637,1.06,1,7
1638,1.06,1,7
1639,0.86,1,8
1640,0.8600000000000001,1,8
1641,1.06,1,7
1642,1.06,1,7
1643,0.83,1,5
1644,1.05,1,6
1645,0.8600000000000001,1,8
1646,1.06,1,7
1647,1.05,1,6
1648,1.05,1,6
1649,1.03,1,4
1650,-1.74,0,11
1651,1.03,1,4
1652,0.84,1,6
1653,0.6499999999999999,1,8
1654,1.05,1,6
1655,0.6599999999999999,1,9
1656,1.05,1,6
1657,0.6599999999999999,1,9
1658,1.05,1,6
1659,0.86,1,8
1660,1.06,1,7
1661,1.05,1,6
1662,-1.74,0,11
1663,0.84,1,6
1664,1.06,1,7
1665,1.04,1,5
1666,1.03,1,4
1667,1.05,1,6
1668,1.04,1,5
1669,-1.95,0,11
1670,1.06,1,7
1671,1.06,1,7
1672,1.05,1,6
1673,0.84,1,6
1674,1.05,1,6
1675,0.86,1,8
1676,1.05,1,6
1677,-1.74,0,11
1678,0.6599999999999999,1,9
1679,1.05,1,6
1680,1.05,1,6
1681,0.86,1,8
1682,1.06,1,7
1683,0.66,1,9
1684,0.85,1,7
1685,1.04,1,5
1686,1.05,1,6
1687,1.06,1,7
1688,1.04,1,5
1689,-1.74,0,11
1690,1.06,1,7
1691,1.06,1,7
1692,0.86,1,8
1693,0.86,1,8
1694,1.05,1,6
1695,1.06,1,7
1696,1.06,1,7
1697,1.06,1,7
1698,-1.74,0,11
1699,0.83,1,5
1700,0.6599999999999999,1,9
1701,1.05,1,6
1702,-1.74,0,11
1703,1.05,1,6
1704,1.06,1,7
1705,1.05,1,6
1706,0.85,1,7
1707,1.03,1,4
1708,1.05,1,6
1709,1.06,1,7
1710,1.05,1,6
1711,1.05,1,6
1712,1.05,1,6
1713,1.03,1,4
1714,-1.74,0,11
1715,0.86,1,8
1716,1.04,1,5
1717,0.85,1,7
1718,1.04,1,5
1719,0.43999999999999995,1,8
1720,1.05,1,6
1721,-1.95,0,11
1722,0.8400000000000001,1,6
1723,1.05,1,6
1724,1.04,1,5
1725,1.05,1,6
1726,1.05,1,6
1727,1.05,1,6
1728,1.05,1,6
1729,1.05,1,6
1730,-1.95,0,11
1731,1.03,1,4
1732,1.05,1,6
1733,1.04,1,5
1734,1.05,1,6
1735,0.6599999999999999,1,9
1736,1.06,1,7
1737,0.85,1,7
1738,-1.74,0,11
1739,1.05,1,6
1740,1.04,1,5
1741,0.86,1,8
1742,0.85,1,7
1743,1.04,1,5
1744,-1.74,0,11
1745,0.63,1,6
1746,0.85,1,7
1747,0.84,1,6
1748,1.05,1,6
1749,1.06,1,7
1750,1.03,1,4
1751,1.05,1,6
1752,1.06,1,7
1753,1.03,1,4
1754,1.03,1,4
1755,0.6599999999999999,1,9
1756,0.86,1,8
1757,1.06,1,7
1758,0.86,1,8
1759,1.04,1,5
1760,1.04,1,5
1761,0.6599999999999999,1,9
1762,0.84,1,6
1763,1.05,1,6
1764,1.05,1,6
1765,0.45999999999999996,1,10
1766,1.03,1,4
1767,1.05,1,6
1768,0.86,1,8
1769,1.05,1,6
1770,1.06,1,7
1771,1.05,1,6
1772,1.06,1,7
1773,1.05,1,6
1774,1.06,1,7
1775,1.05,1,6
1776,0.86,1,8
1777,1.06,1,7
1778,1.04,1,5
1779,1.05,1,6
1780,1.05,1,6
1781,1.06,1,7
1782,-1.74,0,11
1783,1.05,1,6
1784,1.06,1,7
1785,1.06,1,7
1786,-1.74,0,11
1787,1.06,1,7
1788,1.04,1,5
1789,1.05,1,6
1790,1.05,1,6
1791,1.05,1,6
1792,0.6599999999999999,1,9
1793,1.06,1,7
1794,0.85,1,7
1795,0.86,1,8
1796,1.04,1,5
1797,1.05,1,6
1798,1.05,1,6
1799,1.04,1,5
1800,0.86,1,8
1801,0.85,1,7
1802,1.04,1,5
1803,1.06,1,7
1804,0.43999999999999995,1,8
1805,1.05,1,6
1806,1.05,1,6
1807,-1.74,0,11
1808,1.06,1,7
1809,0.86,1,8
1810,1.05,1,6
1811,0.64,1,7
1812,1.05,1,6
1813,1.04,1,5
1814,1.05,1,6
1815,0.65,1,8
1816,1.05,1,6
1817,1.04,1,5
1818,1.05,1,6
1819,1.04,1,5
1820,0.86,1,8
1821,0.85,1,7
1822,0.85,1,7
1823,-2.16,0,11
1824,0.8400000000000001,1,6
1825,1.06,1,7
1826,0.85,1,7
1827,1.04,1,5
1828,0.65,1,8
1829,0.86,1,8
1830,1.04,1,5
1831,1.06,1,7
1832,0.44999999999999996,1,9
1833,0.64,1,7
1834,0.6599999999999999,1,9
1835,1.06,1,7
1836,-1.74,0,11
1837,1.05,1,6
1838,-1.95,0,11
1839,1.06,1,7
1840,1.03,1,4
1841,0.85,1,7
1842,1.06,1,7
1843,1.05,1,6
1844,1.05,1,6
1845,1.05,1,6
1846,0.65,1,8
1847,0.65,1,8
1848,0.44999999999999996,1,9
1849,1.06,1,7
1850,0.44999999999999996,1,9
1851,1.05,1,6
1852,1.03,1,4
1853,1.06,1,7
1854,1.06,1,7
1855,0.86,1,8
1856,1.05,1,6
1857,1.06,1,7
1858,1.06,1,7
1859,1.04,1,5
1860,1.06,1,7
1861,1.05,1,6
1862,1.05,1,6
1863,1.06,1,7
1864,1.04,1,5
1865,1.06,1,7
1866,0.84,1,6
1867,1.06,1,7
1868,1.06,1,7
1869,1.05,1,6
1870,-1.74,0,11
1871,1.05,1,6
1872,1.05,1,6
1873,1.06,1,7
1874,1.06,1,7
1875,0.86,1,8
1876,1.05,1,6
1877,1.06,1,7
1878,0.85,1,7
1879,1.06,1,7
1880,0.64,1,7
1881,1.04,1,5
1882,-1.74,0,11
1883,1.04,1,5
1884,1.05,1,6
1885,1.06,1,7
1886,0.63,1,6
1887,-1.74,0,11
1888,1.05,1,6
1889,0.86,1,8
1890,1.06,1,7
1891,1.05,1,6
1892,0.6499999999999999,1,8
1893,1.05,1,6
1894,0.86,1,8
1895,0.86,1,8
1896,1.04,1,5
1897,0.45999999999999996,1,10
1898,1.06,1,7
1899,1.06,1,7
1900,1.05,1,6
1901,0.6499999999999999,1,8
1902,1.06,1,7
1903,-1.74,0,11
1904,1.04,1,5
1905,0.6499999999999999,1,8
1906,0.85,1,7
1907,0.86,1,8
1908,-0.16999999999999993,1,10
1909,1.05,1,6
1910,1.05,1,6
1911,1.05,1,6
1912,1.05,1,6
1913,0.6599999999999999,1,9
1914,1.05,1,6
1915,1.05,1,6
1916,1.05,1,6
1917,1.05,1,6
1918,1.05,1,6
1919,1.04,1,5
1920,1.04,1,5
1921,-1.74,0,11
1922,0.6599999999999999,1,9
1923,1.05,1,6
1924,1.06,1,7
1925,1.05,1,6
1926,1.05,1,6
1927,-2.16,0,11
1928,1.05,1,6
1929,1.04,1,5
1930,1.04,1,5
1931,1.06,1,7
1932,0.85,1,7
1933,1.06,1,7
1934,1.06,1,7
1935,1.05,1,6
1936,1.04,1,5
1937,0.6599999999999999,1,9
1938,1.05,1,6
1939,-1.95,0,11
1940,0.86,1,8
1941,1.05,1,6
1942,1.04,1,5
1943,0.86,1,8
1944,1.05,1,6
1945,0.86,1,8
1946,0.85,1,7
1947,1.05,1,6
1948,1.06,1,7
1949,1.06,1,7
1950,1.05,1,6
1951,1.06,1,7
1952,1.06,1,7
1953,0.64,1,7
1954,-1.95,0,11
1955,0.25,1,10
1956,0.6499999999999999,1,8
1957,0.86,1,8
1958,1.06,1,7
1959,0.64,1,7
1960,1.06,1,7
1961,0.65,1,8
1962,1.05,1,6
1963,-2.16,0,11
1964,1.05,1,6
1965,-1.74,0,11
1966,1.05,1,6
1967,0.85,1,7
1968,1.06,1,7
1969,0.85,1,7
1970,0.65,1,8
1971,1.06,1,7
1972,1.03,1,4
1973,0.85,1,7
1974,1.05,1,6
1975,1.05,1,6
1976,1.04,1,5
1977,1.04,1,5
1978,1.04,1,5
1979,0.45999999999999996,1,10
1980,0.86,1,8
1981,0.83,1,5
1982,0.45999999999999996,1,10
1983,1.05,1,6
1984,1.04,1,5
1985,0.85,1,7
1986,1.05,1,6
1987,0.85,1,7
1988,0.6599999999999999,1,9
1989,0.85,1,7
1990,0.25,1,10
1991,0.44999999999999996,1,9
1992,-1.95,0,11
1993,1.05,1,6
1994,1.05,1,6
1995,0.85,1,7
1996,1.05,1,6
1997,1.03,1,4
1998,0.86,1,8
1999,0.6599999999999999,1,9
2000,1.03,1,4
2001,1.06,1,7
2002,1.06,1,7
2003,1.04,1,5
2004,-1.74,0,11
2005,0.86,1,8
2006,1.05,1,6
2007,1.04,1,5
2008,1.05,1,6
2009,1.06,1,7
2010,1.05,1,6
2011,1.04,1,5
2012,0.86,1,8
2013,1.06,1,7
2014,1.04,1,5
2015,0.45999999999999996,1,10
2016,1.06,1,7
2017,1.06,1,7
2018,1.05,1,6
2019,0.86,1,8
2020,1.05,1,6
2021,1.04,1,5
2022,0.6499999999999999,1,8
2023,1.06,1,7
2024,-1.74,0,11
2025,1.06,1,7
2026,1.06,1,7
2027,1.05,1,6
2028,1.06,1,7
2029,0.45999999999999996,1,10
2030,1.06,1,7
2031,1.04,1,5
2032,0.25,1,10
2033,1.05,1,6
2034,1.06,1,7
2035,0.86,1,8
2036,1.06,1,7
2037,0.25,1,10
2038,1.05,1,6
2039,1.04,1,5
2040,1.06,1,7
2041,1.06,1,7
2042,1.06,1,7
2043,1.06,1,7
2044,1.05,1,6
2045,0.85,1,7
2046,1.06,1,7
2047,1.06,1,7
2048,1.03,1,4
2049,0.8400000000000001,1,6
2050,1.05,1,6
2051,1.05,1,6
2052,-1.74,0,11
2053,1.05,1,6
2054,1.05,1,6
2055,1.06,1,7
2056,1.05,1,6
2057,1.03,1,4
2058,1.04,1,5
2059,1.06,1,7
2060,1.05,1,6
2061,0.84,1,6
2062,0.6599999999999999,1,9
2063,1.05,1,6
2064,1.06,1,7
2065,0.86,1,8
2066,1.06,1,7
2067,1.05,1,6
2068,0.85,1,7
2069,1.02,1,3
2070,1.05,1,6
2071,0.86,1,8
2072,1.05,1,6
2073,1.04,1,5
2074,0.84,1,6
2075,0.86,1,8
2076,0.8500000000000001,1,7
2077,0.86,1,8
2078,1.05,1,6
2079,1.05,1,6
2080,1.05,1,6
2081,-2.16,0,11
2082,1.06,1,7
2083,0.83,1,5
2084,1.05,1,6
2085,0.8400000000000001,1,6
2086,-1.74,0,11
2087,1.04,1,5
2088,0.86,1,8
2089,1.05,1,6
2090,1.03,1,4
2091,0.6499999999999999,1,8
2092,1.05,1,6
2093,1.04,1,5
2094,1.03,1,4
2095,0.44999999999999996,1,9
2096,0.85,1,7
2097,1.05,1,6
2098,1.05,1,6
2099,0.6599999999999999,1,9
2100,0.85,1,7
2101,1.04,1,5
2102,1.05,1,6
2103,1.05,1,6
2104,0.86,1,8
2105,1.03,1,4
2106,0.86,1,8
2107,1.03,1,4
2108,-1.95,0,11
2109,0.25,1,10
2110,0.86,1,8
2111,1.06,1,7
2112,1.04,1,5
2113,1.05,1,6
2114,0.25,1,10
2115,1.06,1,7
2116,0.86,1,8
2117,1.05,1,6
2118,1.05,1,6
2119,0.6599999999999999,1,9
2120,1.05,1,6
2121,1.05,1,6
2122,1.06,1,7
2123,1.06,1,7
2124,1.06,1,7
2125,1.06,1,7
2126,0.84,1,6
2127,1.06,1,7
2128,1.05,1,6
2129,0.8500000000000001,1,7
2130,1.06,1,7
2131,1.05,1,6
2132,0.6599999999999999,1,9
2133,1.05,1,6
2134,0.85,1,7
2135,1.06,1,7
2136,1.05,1,6
2137,1.05,1,6
2138,1.06,1,7
2139,1.06,1,7
2140,-1.74,0,11
2141,1.05,1,6
2142,1.06,1,7
2143,1.04,1,5
2144,1.05,1,6
2145,1.04,1,5
2146,1.06,1,7
2147,-1.74,0,11
2148,0.84,1,6
2149,-1.74,0,11
2150,0.44999999999999996,1,9
2151,1.05,1,6
2152,1.04,1,5
2153,-1.74,0,11
2154,0.6599999999999999,1,9
2155,0.86,1,8
2156,-1.74,0,11
2157,1.04,1,5
2158,1.05,1,6
2159,1.04,1,5
2160,1.05,1,6
2161,-1.74,0,11
2162,-1.74,0,11
2163,1.05,1,6
2164,0.66,1,9
2165,1.05,1,6
2166,1.06,1,7
2167,1.05,1,6
2168,0.85,1,7
2169,0.85,1,7
2170,1.04,1,5
2171,0.6599999999999999,1,9
2172,0.45999999999999996,1,10
2173,0.86,1,8
2174,1.05,1,6
2175,0.44999999999999996,1,9
2176,1.06,1,7
2177,0.85,1,7
2178,-1.95,0,11
2179,-1.74,0,11
2180,0.86,1,8
2181,1.04,1,5
2182,-1.74,0,11
2183,1.05,1,6
2184,0.86,1,8
2185,0.85,1,7
2186,1.05,1,6
2187,0.65,1,8
2188,-1.74,0,11
2189,0.86,1,8
2190,1.04,1,5
2191,1.04,1,5
2192,1.05,1,6
2193,1.03,1,4
2194,1.05,1,6
2195,1.04,1,5
2196,1.05,1,6
2197,1.05,1,6
2198,1.03,1,4
2199,-1.74,0,11
2200,1.05,1,6
2201,1.05,1,6
2202,1.05,1,6
2203,-2.16,0,11
2204,1.04,1,5
2205,0.85,1,7
2206,1.05,1,6
2207,1.05,1,6
2208,1.06,1,7
2209,0.8400000000000001,1,6
2210,0.85,1,7
2211,1.04,1,5
2212,1.05,1,6
2213,1.05,1,6
2214,1.06,1,7
2215,-1.74,0,11
2216,-1.74,0,11
2217,0.66,1,9
2218,1.05,1,6
2219,1.05,1,6
2220,0.85,1,7
2221,1.05,1,6
2222,1.06,1,7
2223,-1.74,0,11
2224,1.04,1,5
2225,1.04,1,5
2226,0.86,1,8
2227,1.05,1,6
2228,0.86,1,8
2229,1.03,1,4
2230,0.86,1,8
2231,0.85,1,7
2232,1.05,1,6
2233,1.05,1,6
2234,1.05,1,6
2235,1.05,1,6
2236,1.03,1,4
2237,1.05,1,6
2238,1.03,1,4
2239,0.85,1,7
2240,1.05,1,6
2241,1.06,1,7
2242,1.05,1,6
2243,0.85,1,7
2244,1.04,1,5
2245,0.44999999999999996,1,9
2246,1.05,1,6
2247,-1.74,0,11
2248,1.06,1,7
2249,0.85,1,7
2250,0.86,1,8
2251,0.66,1,9
2252,1.06,1,7
2253,1.04,1,5
2254,0.86,1,8
2255,1.06,1,7
2256,1.06,1,7
2257,0.85,1,7
2258,0.85,1,7
2259,0.85,1,7
2260,1.06,1,7
2261,1.04,1,5
2262,1.05,1,6
2263,-1.74,0,11
2264,1.05,1,6
2265,1.06,1,7
2266,0.86,1,8
2267,1.05,1,6
2268,1.06,1,7
2269,1.06,1,7
2270,0.6599999999999999,1,9
2271,1.06,1,7
2272,1.05,1,6
2273,1.06,1,7
2274,1.04,1,5
2275,0.66,1,9
2276,1.06,1,7
2277,1.06,1,7
2278,1.06,1,7
2279,-1.74,0,11
2280,0.6599999999999999,1,9
2281,1.05,1,6
2282,1.06,1,7
2283,0.86,1,8
2284,-1.74,0,11
2285,1.06,1,7
2286,1.05,1,6
2287,1.05,1,6
2288,1.05,1,6
2289,1.05,1,6
2290,0.86,1,8
2291,1.04,1,5
2292,1.06,1,7
2293,0.84,1,6
2294,-1.74,0,11
2295,0.86,1,8
2296,-1.74,0,11
2297,1.06,1,7
2298,0.86,1,8
2299,1.06,1,7
2300,1.05,1,6
2301,0.6599999999999999,1,9
2302,0.86,1,8
2303,0.6499999999999999,1,8
2304,1.05,1,6
2305,1.06,1,7
2306,1.04,1,5
2307,0.64,1,7
2308,0.65,1,8
2309,1.06,1,7
2310,0.25,1,10
2311,1.05,1,6
2312,1.05,1,6
2313,1.05,1,6
2314,0.6599999999999999,1,9
2315,1.05,1,6
2316,1.04,1,5
2317,1.05,1,6
2318,-1.74,0,11
2319,-1.74,0,11
2320,0.85,1,7
2321,1.05,1,6
2322,0.44999999999999996,1,9
2323,1.05,1,6
2324,-1.74,0,11
2325,1.05,1,6
2326,1.05,1,6
2327,1.03,1,4
2328,0.86,1,8
2329,-1.74,0,11
2330,1.06,1,7
2331,0.86,1,8
2332,0.85,1,7
2333,-1.74,0,11
2334,1.05,1,6
2335,1.05,1,6
2336,1.04,1,5
2337,-1.74,0,11
2338,1.04,1,5
2339,1.04,1,5
2340,1.05,1,6
2341,0.85,1,7
2342,1.06,1,7
2343,1.05,1,6
2344,1.04,1,5
2345,0.6499999999999999,1,8
2346,1.04,1,5
2347,1.05,1,6
2348,1.04,1,5
2349,1.06,1,7
2350,0.6499999999999999,1,8
2351,1.06,1,7
2352,0.85,1,7
2353,1.06,1,7
2354,1.05,1,6
2355,1.06,1,7
2356,1.05,1,6
2357,1.06,1,7
2358,1.05,1,6
2359,1.05,1,6
2360,0.86,1,8
2361,0.86,1,8
2362,0.86,1,8
2363,-1.74,0,11
2364,1.05,1,6
2365,0.86,1,8
2366,1.06,1,7
2367,1.04,1,5
2368,1.06,1,7
2369,1.05,1,6
2370,-1.74,0,11
2371,1.05,1,6
2372,1.05,1,6
2373,1.06,1,7
2374,0.6599999999999999,1,9
2375,1.04,1,5
2376,1.06,1,7
2377,0.84,1,6
2378,0.85,1,7
2379,0.86,1,8
2380,-1.74,0,11
2381,0.86,1,8
2382,1.05,1,6
2383,1.05,1,6
2384,0.45999999999999996,1,10
2385,1.05,1,6
2386,0.86,1,8
2387,0.86,1,8
2388,1.04,1,5
2389,0.86,1,8
2390,-1.74,0,11
2391,1.05,1,6
2392,0.6599999999999999,1,9
2393,1.05,1,6
2394,1.05,1,6
2395,0.86,1,8
2396,0.86,1,8
2397,1.06,1,7
2398,1.05,1,6
2399,0.6599999999999999,1,9
2400,0.86,1,8
2401,1.04,1,5
2402,0.86,1,8
2403,1.06,1,7
2404,0.85,1,7
2405,1.05,1,6
2406,0.86,1,8
2407,1.05,1,6
2408,1.05,1,6
2409,-1.74,0,11
2410,0.24,1,9
2411,1.06,1,7
2412,1.06,1,7
2413,1.04,1,5
2414,1.06,1,7
2415,1.05,1,6
2416,1.04,1,5
2417,0.84,1,6
2418,1.04,1,5
2419,0.86,1,8
2420,1.05,1,6
2421,1.06,1,7
2422,1.04,1,5
2423,0.83,1,5
2424,1.06,1,7
2425,0.84,1,6
2426,1.06,1,7
2427,0.86,1,8
2428,1.06,1,7
2429,1.06,1,7
2430,1.06,1,7
2431,0.86,1,8
2432,0.86,1,8
2433,1.05,1,6
2434,1.04,1,5
2435,1.06,1,7
2436,1.06,1,7
2437,1.06,1,7
2438,1.05,1,6
2439,1.05,1,6
2440,1.06,1,7
2441,0.86,1,8
2442,1.05,1,6
2443,1.05,1,6
2444,1.05,1,6
2445,1.06,1,7
2446,0.86,1,8
2447,1.06,1,7
2448,1.06,1,7
2449,0.84,1,6
2450,-1.95,0,11
2451,1.06,1,7
2452,0.85,1,7
2453,-1.74,0,11
2454,0.66,1,9
2455,1.06,1,7
2456,0.25,1,10
2457,1.06,1,7
2458,0.8600000000000001,1,8
2459,1.05,1,6
2460,1.06,1,7
2461,1.06,1,7
2462,1.06,1,7
2463,0.86,1,8
2464,0.84,1,6
2465,-1.95,0,11
2466,0.86,1,8
2467,-1.74,0,11
2468,1.06,1,7
2469,1.06,1,7
2470,1.06,1,7
2471,1.05,1,6
2472,1.06,1,7
2473,1.06,1,7
2474,0.86,1,8
2475,1.05,1,6
2476,1.06,1,7
2477,1.05,1,6
2478,1.06,1,7
2479,1.06,1,7
2480,0.6499999999999999,1,8
2481,1.06,1,7
2482,1.05,1,6
2483,1.06,1,7
2484,-1.74,0,11
2485,1.06,1,7
2486,0.86,1,8
2487,1.05,1,6
2488,1.05,1,6
2489,1.05,1,6
2490,1.05,1,6
2491,1.06,1,7
2492,1.06,1,7
2493,1.04,1,5
2494,1.06,1,7
2495,0.44999999999999996,1,9
2496,1.06,1,7
2497,0.45999999999999996,1,10
2498,1.06,1,7
2499,0.6599999999999999,1,9
2500,1.05,1,6
2501,0.6499999999999999,1,8
2502,1.05,1,6
2503,1.05,1,6
2504,-1.74,0,11
2505,1.05,1,6
2506,1.06,1,7
2507,1.05,1,6
2508,1.06,1,7
2509,1.04,1,5
2510,1.06,1,7
2511,1.04,1,5
2512,-1.74,0,11
2513,1.03,1,4
2514,1.05,1,6
2515,1.05,1,6
2516,0.45999999999999996,1,10
2517,1.06,1,7
2518,0.85,1,7
2519,1.06,1,7
2520,1.03,1,4
2521,0.84,1,6
2522,1.05,1,6
2523,1.06,1,7
2524,1.04,1,5
2525,1.06,1,7
2526,1.05,1,6
2527,0.86,1,8
2528,1.05,1,6
2529,1.05,1,6
2530,0.86,1,8
2531,1.06,1,7
2532,1.05,1,6
2533,1.05,1,6
2534,1.06,1,7
2535,1.05,1,6
2536,1.05,1,6
2537,1.06,1,7
2538,1.04,1,5
2539,1.06,1,7
2540,-1.74,0,11
2541,0.86,1,8
2542,0.66,1,9
2543,-1.74,0,11
2544,1.06,1,7
2545,0.85,1,7
2546,0.25,1,10
2547,1.06,1,7
2548,-1.74,0,11
2549,1.06,1,7
2550,1.06,1,7
2551,1.06,1,7
2552,1.06,1,7
2553,1.05,1,6
2554,1.04,1,5
2555,0.86,1,8
2556,1.05,1,6
2557,1.05,1,6
2558,1.06,1,7
2559,1.06,1,7
2560,1.06,1,7
2561,1.06,1,7
2562,1.05,1,6
2563,-2.16,0,11
2564,1.04,1,5
2565,0.86,1,8
2566,-1.74,0,11
2567,1.04,1,5
2568,1.05,1,6
2569,0.85,1,7
2570,0.85,1,7
2571,-1.95,0,11
2572,0.45999999999999996,1,10
2573,-1.74,0,11
2574,-1.74,0,11
2575,1.05,1,6
2576,1.06,1,7
2577,0.25,1,10
2578,0.65,1,8
2579,0.64,1,7
2580,0.25,1,10
2581,1.05,1,6
2582,1.04,1,5
2583,1.05,1,6
2584,0.86,1,8
2585,-1.74,0,11
2586,0.6599999999999999,1,9
2587,1.06,1,7
2588,0.6599999999999999,1,9
2589,1.06,1,7
2590,0.86,1,8
2591,1.03,1,4
2592,0.66,1,9
2593,0.85,1,7
2594,1.06,1,7
2595,1.04,1,5
2596,1.06,1,7
2597,0.6599999999999999,1,9
2598,-1.74,0,11
2599,0.040000000000000036,1,10
2600,1.04,1,5
2601,1.06,1,7
2602,0.85,1,7
2603,1.04,1,5
2604,1.04,1,5
2605,1.04,1,5
2606,0.44999999999999996,1,9
2607,0.84,1,6
2608,0.86,1,8
2609,1.05,1,6
2610,0.85,1,7
2611,0.6599999999999999,1,9
2612,1.05,1,6
2613,1.06,1,7
2614,-1.95,0,11
2615,1.05,1,6
2616,1.03,1,4
2617,-1.95,0,11
2618,1.05,1,6
2619,1.04,1,5
2620,-1.74,0,11
2621,0.64,1,7
2622,-1.74,0,11
2623,1.05,1,6
2624,-1.74,0,11
2625,1.06,1,7
2626,1.05,1,6
2627,1.05,1,6
2628,1.04,1,5
2629,1.04,1,5
2630,1.06,1,7
2631,0.86,1,8
2632,0.64,1,7
2633,1.05,1,6
2634,0.85,1,7
2635,1.04,1,5
2636,1.06,1,7
2637,1.05,1,6
2638,0.85,1,7
2639,0.85,1,7
2640,0.84,1,6
2641,1.06,1,7
2642,1.04,1,5
2643,1.05,1,6
2644,0.83,1,5
2645,0.85,1,7
2646,0.85,1,7
2647,1.04,1,5
2648,1.04,1,5
2649,1.06,1,7
2650,0.86,1,8
2651,1.06,1,7
2652,1.05,1,6
2653,-1.74,0,11
2654,1.05,1,6
2655,0.6599999999999999,1,9
2656,0.84,1,6
2657,1.05,1,6
2658,0.85,1,7
2659,1.05,1,6
2660,1.04,1,5
2661,1.04,1,5
2662,1.04,1,5
2663,1.04,1,5
2664,1.03,1,4
2665,1.02,1,3
2666,1.03,1,4
2667,1.06,1,7
2668,0.84,1,6
2669,1.06,1,7
2670,1.05,1,6
2671,0.24,1,9
2672,-1.74,0,11
2673,1.04,1,5
2674,0.85,1,7
2675,0.86,1,8
2676,0.84,1,6
2677,1.05,1,6
2678,0.86,1,8
2679,0.83,1,5
2680,1.06,1,7
2681,0.6499999999999999,1,8
2682,1.03,1,4
2683,0.8300000000000001,1,5
2684,1.04,1,5
2685,0.8600000000000001,1,8
2686,0.85,1,7
2687,0.83,1,5
2688,0.44999999999999996,1,9
2689,1.03,1,4
2690,0.85,1,7
2691,0.85,1,7
2692,1.04,1,5
2693,1.05,1,6
2694,1.06,1,7
2695,-1.74,0,11
2696,0.83,1,5
2697,0.86,1,8
2698,1.06,1,7
2699,1.06,1,7
2700,1.06,1,7
2701,-1.95,0,11
2702,0.86,1,8
2703,1.06,1,7
2704,1.06,1,7
2705,0.85,1,7
2706,1.05,1,6
2707,1.05,1,6
2708,-1.74,0,11
2709,1.05,1,6
2710,1.04,1,5
2711,0.64,1,7
2712,1.06,1,7
2713,1.05,1,6
2714,0.45999999999999996,1,10
2715,1.05,1,6
2716,1.05,1,6
2717,1.05,1,6
2718,0.85,1,7
2719,0.86,1,8
2720,0.86,1,8
2721,1.02,1,3
2722,1.06,1,7
2723,1.04,1,5
2724,1.06,1,7
2725,0.44999999999999996,1,9
2726,0.85,1,7
2727,1.05,1,6
2728,1.04,1,5
2729,1.06,1,7
2730,1.06,1,7
2731,1.06,1,7
2732,1.05,1,6
2733,1.06,1,7
2734,1.03,1,4
2735,1.06,1,7
2736,1.06,1,7
2737,1.05,1,6
2738,0.86,1,8
2739,1.04,1,5
2740,1.06,1,7
2741,0.6599999999999999,1,9
2742,1.05,1,6
2743,-1.74,0,11
2744,1.06,1,7
2745,1.06,1,7
2746,1.04,1,5
2747,1.06,1,7
2748,1.05,1,6
2749,1.04,1,5
2750,1.04,1,5
2751,1.05,1,6
2752,-1.74,0,11
2753,1.05,1,6
2754,0.44999999999999996,1,9
2755,1.05,1,6
2756,1.06,1,7
2757,0.66,1,9
2758,0.64,1,7
2759,1.05,1,6
2760,1.04,1,5
2761,1.05,1,6
2762,1.05,1,6
2763,1.04,1,5
2764,-1.95,0,11
2765,0.84,1,6
2766,1.05,1,6
2767,1.06,1,7
2768,1.06,1,7
2769,1.04,1,5
2770,1.05,1,6
2771,0.86,1,8
2772,0.64,1,7
2773,1.05,1,6
2774,1.06,1,7
2775,1.03,1,4
2776,0.86,1,8
2777,1.06,1,7
2778,1.06,1,7
2779,1.04,1,5
2780,1.02,1,3
2781,1.06,1,7
2782,-1.74,0,11
2783,1.05,1,6
2784,1.04,1,5
2785,0.65,1,8
2786,0.63,1,6
2787,0.85,1,7
2788,1.05,1,6
2789,1.05,1,6
2790,1.05,1,6
2791,0.84,1,6
2792,1.05,1,6
2793,1.04,1,5
2794,0.84,1,6
2795,1.05,1,6
2796,1.05,1,6
2797,1.03,1,4
2798,1.05,1,6
2799,1.05,1,6
2800,-1.74,0,11
2801,-1.74,0,11
2802,-1.74,0,11
2803,1.06,1,7
2804,0.85,1,7
2805,1.05,1,6
2806,1.05,1,6
2807,1.06,1,7
2808,1.05,1,6
2809,1.03,1,4
2810,0.85,1,7
2811,1.05,1,6
2812,1.06,1,7
2813,0.8600000000000001,1,8
2814,0.44999999999999996,1,9
2815,0.6499999999999999,1,8
2816,0.24,1,9
2817,0.6599999999999999,1,9
2818,1.05,1,6
2819,1.06,1,7
2820,-1.74,0,11
2821,1.06,1,7
2822,1.06,1,7
2823,1.06,1,7
2824,1.05,1,6
2825,0.45999999999999996,1,10
2826,1.03,1,4
2827,1.04,1,5
2828,-1.74,0,11
2829,-1.74,0,11
2830,1.04,1,5
2831,1.05,1,6
2832,1.06,1,7
2833,1.06,1,7
2834,0.86,1,8
2835,1.05,1,6
2836,1.05,1,6
2837,1.03,1,4
2838,0.6499999999999999,1,8
2839,1.06,1,7
2840,1.05,1,6
2841,1.04,1,5
2842,1.06,1,7
2843,1.05,1,6
2844,1.03,1,4
2845,0.86,1,8
2846,1.04,1,5
2847,1.05,1,6
2848,0.6599999999999999,1,9
2849,1.05,1,6
2850,1.03,1,4
2851,1.06,1,7
2852,1.05,1,6
2853,1.03,1,4
2854,1.06,1,7
2855,0.44999999999999996,1,9
2856,1.04,1,5
2857,-1.74,0,11
2858,1.04,1,5
2859,1.05,1,6
2860,1.05,1,6
2861,1.04,1,5
2862,0.85,1,7
2863,1.05,1,6
2864,1.05,1,6
2865,1.05,1,6
2866,-1.74,0,11
2867,1.03,1,4
2868,1.06,1,7
2869,0.6599999999999999,1,9
2870,0.86,1,8
2871,1.04,1,5
2872,1.06,1,7
2873,1.06,1,7
2874,1.05,1,6
2875,0.86,1,8
2876,-1.74,0,11
2877,0.65,1,8
2878,-1.95,0,11
2879,1.04,1,5
2880,0.85,1,7
2881,0.45999999999999996,1,10
2882,0.6499999999999999,1,8
2883,1.04,1,5
2884,1.06,1,7
2885,-1.95,0,11
2886,1.06,1,7
2887,1.05,1,6
2888,1.05,1,6
2889,1.06,1,7
2890,1.05,1,6
2891,1.04,1,5
2892,1.06,1,7
2893,1.05,1,6
2894,1.05,1,6
2895,-1.95,0,11
2896,1.06,1,7
2897,1.05,1,6
2898,1.05,1,6
2899,1.06,1,7
2900,1.03,1,4
2901,0.66,1,9
2902,1.05,1,6
2903,1.06,1,7
2904,1.04,1,5
2905,0.86,1,8
2906,-1.95,0,11
2907,1.05,1,6
2908,1.05,1,6
2909,0.25,1,10
2910,1.04,1,5
2911,1.05,1,6
2912,1.06,1,7
2913,0.25,1,10
2914,-1.95,0,11
2915,1.04,1,5
2916,1.05,1,6
2917,1.05,1,6
2918,0.66,1,9
2919,1.04,1,5
2920,1.05,1,6
2921,1.06,1,7
2922,1.06,1,7
2923,1.06,1,7
2924,0.86,1,8
2925,1.05,1,6
2926,1.06,1,7
2927,-1.95,0,11
2928,1.05,1,6
2929,1.06,1,7
2930,1.06,1,7
2931,1.06,1,7
2932,1.05,1,6
2933,0.85,1,7
2934,1.03,1,4
2935,1.05,1,6
2936,1.05,1,6
2937,1.06,1,7
2938,1.05,1,6
2939,0.86,1,8
2940,1.05,1,6
2941,1.06,1,7
2942,0.8500000000000001,1,7
2943,1.05,1,6
2944,0.86,1,8
2945,1.05,1,6
2946,0.85,1,7
2947,1.05,1,6
2948,0.43999999999999995,1,8
2949,0.45999999999999996,1,10
2950,0.64,1,7
2951,0.8600000000000001,1,8
2952,1.05,1,6
2953,1.06,1,7
2954,1.05,1,6
2955,0.66,1,9
2956,1.06,1,7
2957,1.06,1,7
2958,1.05,1,6
2959,1.05,1,6
2960,1.06,1,7
2961,1.05,1,6
2962,0.43999999999999995,1,8
2963,1.05,1,6
2964,1.05,1,6
2965,1.05,1,6
2966,0.6599999999999999,1,9
2967,1.05,1,6
2968,1.06,1,7
2969,1.04,1,5
2970,0.25,1,10
2971,1.04,1,5
2972,1.06,1,7
2973,1.05,1,6
2974,0.86,1,8
2975,-1.74,0,11
2976,0.6599999999999999,1,9
2977,1.05,1,6
2978,1.05,1,6
2979,1.04,1,5
2980,1.06,1,7
2981,0.6599999999999999,1,9
2982,1.04,1,5
2983,0.86,1,8
2984,0.86,1,8
2985,1.05,1,6
2986,1.06,1,7
2987,1.06,1,7
2988,1.05,1,6
2989,1.06,1,7
2990,1.05,1,6
2991,1.04,1,5
2992,0.86,1,8
2993,0.86,1,8
2994,1.06,1,7
2995,0.64,1,7
2996,0.45999999999999996,1,10
2997,1.06,1,7
2998,1.06,1,7
2999,1.06,1,7
3000,0.6599999999999999,1,9
